<?xml version="1.0" encoding="UTF-8"?>

<beans xsi:schemaLocation=" http://www.springframework.org/schema/beans http://www.springframework.org/schema/beans/spring-beans.xsd" xmlns:xsi="http://www.w3.org/2001/XMLSchema-instance" xmlns="http://www.springframework.org/schema/beans">


<bean class="com.model.Car" id="car1">

<constructor-arg value="10" name="carid"/>

<constructor-arg value="waganor" name="carname"/>

<constructor-arg value="600000" name="cprice"/>

</bean>


<bean class="com.dao.CarDao" id="cardao1">

<property name="jdbctemp" ref="jdbcTemplate"/>

</bean>


<bean class="org.springframework.jdbc.core.JdbcTemplate" id="jdbcTemplate">

<property name="dataSource" ref="ds"/>

</bean>


<bean class="org.springframework.jdbc.datasource.DriverManagerDataSource" id="ds">

<property value="com.mysql.cj.jdbc.Driver" name="driverClassName"/>

<property value="jdbc:mysql://localhost:3306/tamil" name="url"/>

<property value="root" name="username"/>

<property value="Kingmaker@123" name="password"/>

</bean>

</beans>